Negara,Iso-3,Tahun,Berat,Nilai
South Africa,ZAF,2010,410925.0,3781509.0
Albania,ALB,2010,100.0,500.0
Algeria,DZA,2010,28356.0,25349.0
United States,USA,2010,28772345.0,557758360.0
Angola,AGO,2010,354.0,3870.0
Argentina,ARG,2010,18243.0,187419.0
Aruba,ABW,2010,0.0,0.0
Australia,AUS,2010,340790.0,5856752.0
Austria,AUT,2010,14145.0,233771.0
Bahamass,BHS,2010,176.0,927.0
Bahrain,BHR,2010,618.0,7236.0
Bangladesh,BGD,2010,324668.0,1929146.0
Barbados,BRB,2010,118.0,2539.0
Netherlands,NLD,2010,2090185.0,27176815.0
Belgium,BEL,2010,88386.0,2891684.0
Belize,BLZ,2010,7093.0,20002.0
Benin,BEN,2010,98281.0,260911.0
Bermuda,BMU,2010,592.0,8936.0
Bolivia,BOL,2010,241.0,5705.0
Brazil,BRA,2010,21243.0,817634.0
Brunei Darussalam,BRN,2010,30026.0,296249.0
Bulgaria,BGR,2010,0.0,0.0
Chile,CHL,2010,28219.0,322564.0
China,CHN,2010,127227.0,1982403.0
Colombia,COL,2010,2548.0,37902.0
COOK ISLANDS,COK,2010,0.0,0.0
Costa Rica,CRI,2010,4243.0,71424.0
Cyprus,CYP,2010,1044.0,4793.0
Denmark,DNK,2010,55435.0,766757.0
Djibouti,DJI,2010,10025.0,35365.0
Ecuador,ECU,2010,0.0,0.0
El Salvador,SLV,2010,0.0,0.0
Ethiopia,ETH,2010,0.0,0.0
Russia,RUS,2010,39977.0,1079364.0
Fiji,FJI,2010,83298.0,594928.0
Finland,FIN,2010,12697.0,147829.0
French Polynesia,PYF,2010,5492.0,17843.0
Gambia,GMB,2010,16977.0,91497.0
Georgia,GEO,2010,0.0,0.0
Ghana,GHA,2010,35119.0,224176.0
Gibraltar,GIB,2010,0.0,0.0
Guadeloupe,GLP,2010,51.0,1733.0
Guam,GUM,2010,518.0,7388.0
Guinea,GIN,2010,0.0,0.0
Guyana,GUY,2010,3344.0,9512.0
Haiti,HTI,2010,0.0,0.0
Hong Kong,HKG,2010,121436.0,2937359.0
Hungary,HUN,2010,2301.0,16092.0
Iceland,ISL,2010,264.0,2504.0
India,IND,2010,759.0,16556.0
United Kingdom,GBR,2010,2305302.0,53781737.0
Iraq,IRQ,2010,9772.0,558600.0
Iran,IRN,2010,1451.0,2384.0
Ireland,IRL,2010,346.0,632.0
Israel,ISR,2010,9682.0,101574.0
Italy,ITA,2010,167110.0,5333470.0
Jamaica,JAM,2010,988.0,7215.0
Japan,JPN,2010,1053202.0,21575136.0
Germany,DEU,2010,5337841.0,126316805.0
JERSEY,JEY,2010,0.0,0.0
Jordan,JOR,2010,18807.0,106341.0
New Caledonia,NCL,2010,6775.0,86265.0
Cambodia,KHM,2010,108851.0,400259.0
Cameroon,CMR,2010,0.0,0.0
Canada,CAN,2010,988057.0,19487787.0
Kazakhstan,KAZ,2010,0.0,0.0
Kenya,KEN,2010,4118.0,7020.0
Republic of the Congo,COG,2010,0.0,0.0
South Korea,KOR,2010,348658.0,3082119.0
Croatia,HRV,2010,443.0,17387.0
Kuwait,KWT,2010,104366.0,1304627.0
Latvia,LVA,2010,1613.0,20217.0
Lebanon,LBN,2010,1413.0,22921.0
Libya,LBY,2010,26748.0,366500.0
Lithuania,LTU,2010,0.0,0.0
Luxembourg,LUX,2010,6.0,101.0
Macau,MAC,2010,39206.0,212099.0
Madagascar,MDG,2010,10720.0,4883.0
Maldives,MDV,2010,2790.0,45809.0
Malaysia,MYS,2010,841227.0,9546585.0
Malta,MLT,2010,1356.0,40241.0
Morocco,MAR,2010,172.0,3993.0
Martinique,MTQ,2010,352.0,634.0
Mauritania,MRT,2010,0.0,0.0
Mauritius,MUS,2010,5037.0,25220.0
Mexico,MEX,2010,426301.0,10152314.0
Egypt,EGY,2010,879601.0,13373600.0
Monaco,MCO,2010,0.0,0.0
Mongolia,MNG,2010,0.0,0.0
Myanmar,MMR,2010,0.0,0.0
Namibia,NAM,2010,0.0,0.0
Nepal,NPL,2010,424.0,13714.0
Netherlands Antilles,ANT,2010,1114.0,57447.0
Niger,NER,2010,4084.0,10000.0
Nigeria,NGA,2010,253584.0,300457.0
Nicaragua,NIC,2010,12.0,28.0
Northern Mariana Islands,MNP,2010,0.0,0.0
Norway,NOR,2010,31189.0,762236.0
Oman,OMN,2010,4.0,11.0
Pakistan,PAK,2010,208326.0,1156715.0
Palau,PLW,2010,494.0,4645.0
Panama,PAN,2010,101564.0,1952817.0
Cote d'Ivoire,CIV,2010,0.0,0.0
Papua New Guinea,PNG,2010,2404.0,12159.0
Paraguay,PRY,2010,769.0,17678.0
France,FRA,2010,266083.0,6563911.0
Peru,PER,2010,4703.0,70267.0
Philippines,PHL,2010,610081.0,4900086.0
Poland,POL,2010,20353.0,965162.0
Portugal,PRT,2010,15794.0,173772.0
Puerto Rico,PRI,2010,20344.0,225259.0
Qatar,QAT,2010,32.0,37.0
Czech Republic,CZE,2010,4320.0,151473.0
Dominican Republic,DOM,2010,34648.0,196903.0
Reunion,REU,2010,1557.0,12951.0
Romania,ROU,2010,0.0,0.0
Saint Kitts and Nevis,KNA,2010,413.0,2816.0
Saint Lucia,LCA,2010,0.0,0.0
Sao Tome and Principe,STP,2010,3771.0,1100.0
Saudi Arabia,SAU,2010,1941325.0,17832655.0
New Zealand,NZL,2010,120208.0,993005.0
Serbia,SRB,2010,0.0,0.0
Seychelles,SYC,2010,891.0,6128.0
Singapore,SGP,2010,589761.0,5898096.0
Slovakia,SVK,2010,0.0,0.0
Slovenia,SVN,2010,116.0,1736.0
Somalia,SOM,2010,0.0,0.0
Spain,ESP,2010,876557.0,17134641.0
Sri Lanka,LKA,2010,526043.0,3327973.0
Saint Vincent and the Grenadines,VCT,2010,36.0,275.0
Sudan,SDN,2010,353406.0,2375151.0
Suriname,SUR,2010,48259.0,103268.0
Eswatini,SWZ,2010,0.0,0.0
Sweden,SWE,2010,43795.0,1617979.0
Switzerland,CHE,2010,64793.0,1689673.0
Taiwan,TWN,2010,134273.0,1484770.0
Thailand,THA,2010,305340.0,4872175.0
Timor-Leste,TLS,2010,28294.0,38630.0
Togo,TGO,2010,0.0,0.0
Tonga,TON,2010,0.0,0.0
Trinidad and Tobago,TTO,2010,1269.0,12803.0
Tunisia,TUN,2010,2.0,17.0
Turkey,TUR,2010,279299.0,8254745.0
Turks and Caicos Islands,TCA,2010,0.0,0.0
United States Virgin Islands,VIR,2010,0.0,0.0
Uganda,UGA,2010,103.0,489.0
Ukraine,UKR,2010,0.0,0.0
United Arab Emirates,ARE,2010,1312172.0,19862875.0
Uruguay,URY,2010,4261.0,56278.0
Uzbekistan,UZB,2010,0.0,0.0
Vanuatu,VUT,2010,1342.0,3953.0
Venezuela,VEN,2010,962.0,15045.0
Vietnam,VNM,2010,147244.0,1390290.0
British Virgin Islands,VGB,2010,0.0,0.0
Yemen,YEM,2010,41124.0,418478.0
Greece,GRC,2010,8226.0,129891.0
Zimbabwe,ZWE,2010,696.0,4609.0
South Africa,ZAF,2011,540736.0,5749429.0
Albania,ALB,2011,40.0,200.0
Algeria,DZA,2011,19332.0,295350.0
United States,USA,2011,28728955.0,639544805.0
Angola,AGO,2011,0.0,0.0
Argentina,ARG,2011,16303.0,681380.0
Aruba,ABW,2011,0.0,0.0
Australia,AUS,2011,426060.0,9308522.0
Austria,AUT,2011,10146.0,166093.0
Bahamass,BHS,2011,218.0,389.0
Bahrain,BHR,2011,699.0,6010.0
Bangladesh,BGD,2011,306563.0,1823733.0
Barbados,BRB,2011,32.0,534.0
Netherlands,NLD,2011,1205676.0,24303243.0
Belgium,BEL,2011,115623.0,3932003.0
Belize,BLZ,2011,0.0,0.0
Benin,BEN,2011,29138.0,94308.0
Bermuda,BMU,2011,38.0,330.0
Bolivia,BOL,2011,10388.0,80570.0
Brazil,BRA,2011,56368.0,2012391.0
Brunei Darussalam,BRN,2011,24770.0,295069.0
Bulgaria,BGR,2011,1575.0,3434.0
Chile,CHL,2011,41232.0,810766.0
China,CHN,2011,255435.0,6344743.0
Colombia,COL,2011,11351.0,300103.0
COOK ISLANDS,COK,2011,0.0,0.0
Costa Rica,CRI,2011,1615.0,60353.0
Cyprus,CYP,2011,285.0,5562.0
Denmark,DNK,2011,32880.0,846037.0
Djibouti,DJI,2011,0.0,0.0
Ecuador,ECU,2011,0.0,0.0
El Salvador,SLV,2011,0.0,0.0
Ethiopia,ETH,2011,34265.0,197514.0
Russia,RUS,2011,23632.0,614216.0
Fiji,FJI,2011,76068.0,599951.0
Finland,FIN,2011,24391.0,319814.0
French Polynesia,PYF,2011,1234.0,15929.0
Gambia,GMB,2011,1774.0,6900.0
Georgia,GEO,2011,1989.0,31749.0
Ghana,GHA,2011,41545.0,278399.0
Gibraltar,GIB,2011,0.0,0.0
Guadeloupe,GLP,2011,3622.0,9687.0
Guam,GUM,2011,824.0,17977.0
Guinea,GIN,2011,4216.0,16200.0
Guyana,GUY,2011,0.0,0.0
Haiti,HTI,2011,0.0,0.0
Hong Kong,HKG,2011,100744.0,2637367.0
Hungary,HUN,2011,9436.0,33506.0
Iceland,ISL,2011,0.0,0.0
India,IND,2011,8450.0,182631.0
United Kingdom,GBR,2011,2316258.0,59387870.0
Iraq,IRQ,2011,11227.0,69250.0
Iran,IRN,2011,64476.0,1041286.0
Ireland,IRL,2011,4273.0,141254.0
Israel,ISR,2011,3157.0,89466.0
Italy,ITA,2011,178803.0,6510526.0
Jamaica,JAM,2011,0.0,0.0
Japan,JPN,2011,1496074.0,40968982.0
Germany,DEU,2011,5078519.0,145596261.0
JERSEY,JEY,2011,0.0,0.0
Jordan,JOR,2011,86136.0,526118.0
New Caledonia,NCL,2011,3154.0,66753.0
Cambodia,KHM,2011,30571.0,235628.0
Cameroon,CMR,2011,0.0,0.0
Canada,CAN,2011,1138453.0,26778560.0
Kazakhstan,KAZ,2011,130.0,4477.0
Kenya,KEN,2011,1343.0,5411.0
Republic of the Congo,COG,2011,4.0,12.0
South Korea,KOR,2011,304510.0,4648202.0
Croatia,HRV,2011,1740.0,51852.0
Kuwait,KWT,2011,116436.0,1738254.0
Latvia,LVA,2011,1950.0,28396.0
Lebanon,LBN,2011,610.0,19898.0
Libya,LBY,2011,27540.0,405450.0
Lithuania,LTU,2011,15.0,138.0
Luxembourg,LUX,2011,71.0,1321.0
Macau,MAC,2011,2107.0,20618.0
Madagascar,MDG,2011,12805.0,4230.0
Maldives,MDV,2011,1105.0,65506.0
Malaysia,MYS,2011,933785.0,10825403.0
Malta,MLT,2011,4594.0,149406.0
Morocco,MAR,2011,735.0,18745.0
Martinique,MTQ,2011,0.0,0.0
Mauritania,MRT,2011,0.0,0.0
Mauritius,MUS,2011,2973.0,28609.0
Mexico,MEX,2011,455776.0,12420074.0
Egypt,EGY,2011,807203.0,12883240.0
Monaco,MCO,2011,0.0,0.0
Mongolia,MNG,2011,0.0,0.0
Myanmar,MMR,2011,5435.0,98208.0
Namibia,NAM,2011,0.0,0.0
Nepal,NPL,2011,0.0,0.0
Netherlands Antilles,ANT,2011,4388.0,104774.0
Niger,NER,2011,1121.0,3800.0
Nigeria,NGA,2011,7784.0,21793.0
Nicaragua,NIC,2011,0.0,0.0
Northern Mariana Islands,MNP,2011,0.0,0.0
Norway,NOR,2011,24585.0,749456.0
Oman,OMN,2011,4417.0,58577.0
Pakistan,PAK,2011,217945.0,1350431.0
Palau,PLW,2011,8.0,68.0
Panama,PAN,2011,171775.0,3120145.0
Cote d'Ivoire,CIV,2011,0.0,0.0
Papua New Guinea,PNG,2011,100495.0,275041.0
Paraguay,PRY,2011,0.0,0.0
France,FRA,2011,196226.0,6599699.0
Peru,PER,2011,6412.0,289892.0
Philippines,PHL,2011,543990.0,5796567.0
Poland,POL,2011,64833.0,2484579.0
Portugal,PRT,2011,11189.0,160591.0
Puerto Rico,PRI,2011,28283.0,312051.0
Qatar,QAT,2011,15660.0,202315.0
Czech Republic,CZE,2011,7673.0,221380.0
Dominican Republic,DOM,2011,4485.0,80076.0
Reunion,REU,2011,3356.0,14604.0
Romania,ROU,2011,11.0,770.0
Saint Kitts and Nevis,KNA,2011,48.0,667.0
Saint Lucia,LCA,2011,25.0,15.0
Sao Tome and Principe,STP,2011,0.0,0.0
Saudi Arabia,SAU,2011,1491595.0,18742845.0
New Zealand,NZL,2011,122095.0,1309608.0
Serbia,SRB,2011,0.0,0.0
Seychelles,SYC,2011,1843.0,20157.0
Singapore,SGP,2011,493212.0,7156265.0
Slovakia,SVK,2011,694.0,7464.0
Slovenia,SVN,2011,1.0,13.0
Somalia,SOM,2011,0.0,0.0
Spain,ESP,2011,895713.0,16557944.0
Sri Lanka,LKA,2011,295265.0,2068387.0
Saint Vincent and the Grenadines,VCT,2011,0.0,0.0
Sudan,SDN,2011,83554.0,1057388.0
Suriname,SUR,2011,10522.0,92729.0
Eswatini,SWZ,2011,12.0,319.0
Sweden,SWE,2011,41829.0,1456467.0
Switzerland,CHE,2011,34664.0,1186461.0
Taiwan,TWN,2011,199208.0,4399724.0
Thailand,THA,2011,213219.0,3255106.0
Timor-Leste,TLS,2011,10437.0,22491.0
Togo,TGO,2011,94395.0,887820.0
Tonga,TON,2011,0.0,0.0
Trinidad and Tobago,TTO,2011,520.0,5609.0
Tunisia,TUN,2011,8902.0,93232.0
Turkey,TUR,2011,241322.0,7183860.0
Turks and Caicos Islands,TCA,2011,0.0,0.0
United States Virgin Islands,VIR,2011,0.0,0.0
Uganda,UGA,2011,93.0,516.0
Ukraine,UKR,2011,9288.0,143128.0
United Arab Emirates,ARE,2011,1398381.0,24748278.0
Uruguay,URY,2011,453.0,10424.0
Uzbekistan,UZB,2011,0.0,0.0
Vanuatu,VUT,2011,123.0,2144.0
Venezuela,VEN,2011,0.0,0.0
Vietnam,VNM,2011,61958.0,516041.0
British Virgin Islands,VGB,2011,0.0,0.0
Yemen,YEM,2011,43700.0,438863.0
Greece,GRC,2011,10630.0,178029.0
Zimbabwe,ZWE,2011,0.0,0.0
South Africa,ZAF,2012,296449.0,1874391.0
Albania,ALB,2012,0.0,0.0
Algeria,DZA,2012,0.0,0.0
United States,USA,2012,6521473.0,150177953.0
Angola,AGO,2012,0.0,0.0
Argentina,ARG,2012,1994.0,77349.0
Aruba,ABW,2012,0.0,0.0
Australia,AUS,2012,84812.0,2183613.0
Austria,AUT,2012,30.0,338.0
Bahamass,BHS,2012,0.0,0.0
Bahrain,BHR,2012,0.0,0.0
Bangladesh,BGD,2012,194128.0,1180533.0
Barbados,BRB,2012,0.0,0.0
Netherlands,NLD,2012,221139.0,4639215.0
Belgium,BEL,2012,386.0,4593.0
Belize,BLZ,2012,0.0,0.0
Benin,BEN,2012,28804.0,66989.0
Bermuda,BMU,2012,350.0,2554.0
Bolivia,BOL,2012,0.0,0.0
Brazil,BRA,2012,5153.0,212391.0
Brunei Darussalam,BRN,2012,5931.0,90069.0
Bulgaria,BGR,2012,0.0,0.0
Chile,CHL,2012,5088.0,148763.0
China,CHN,2012,84621.0,2649751.0
Colombia,COL,2012,0.0,0.0
COOK ISLANDS,COK,2012,0.0,0.0
Costa Rica,CRI,2012,0.0,0.0
Cyprus,CYP,2012,0.0,0.0
Denmark,DNK,2012,11213.0,159811.0
Djibouti,DJI,2012,0.0,0.0
Ecuador,ECU,2012,0.0,0.0
El Salvador,SLV,2012,0.0,0.0
Ethiopia,ETH,2012,0.0,0.0
Russia,RUS,2012,1871.0,80604.0
Fiji,FJI,2012,54606.0,269081.0
Finland,FIN,2012,0.0,0.0
French Polynesia,PYF,2012,1814.0,24702.0
Gambia,GMB,2012,19605.0,112746.0
Georgia,GEO,2012,0.0,0.0
Ghana,GHA,2012,0.0,0.0
Gibraltar,GIB,2012,0.0,0.0
Guadeloupe,GLP,2012,0.0,0.0
Guam,GUM,2012,335.0,5002.0
Guinea,GIN,2012,0.0,0.0
Guyana,GUY,2012,0.0,0.0
Haiti,HTI,2012,0.0,0.0
Hong Kong,HKG,2012,47860.0,1626980.0
Hungary,HUN,2012,0.0,0.0
Iceland,ISL,2012,0.0,0.0
India,IND,2012,8748.0,288163.0
United Kingdom,GBR,2012,617273.0,19432195.0
Iraq,IRQ,2012,0.0,0.0
Iran,IRN,2012,0.0,0.0
Ireland,IRL,2012,0.0,0.0
Israel,ISR,2012,158.0,6436.0
Italy,ITA,2012,5075.0,220802.0
Jamaica,JAM,2012,0.0,0.0
Japan,JPN,2012,421447.0,13932823.0
Germany,DEU,2012,193026.0,5491556.0
JERSEY,JEY,2012,0.0,0.0
Jordan,JOR,2012,41890.0,267210.0
New Caledonia,NCL,2012,22.0,512.0
Cambodia,KHM,2012,306539.0,1256780.0
Cameroon,CMR,2012,0.0,0.0
Canada,CAN,2012,215144.0,3265868.0
Kazakhstan,KAZ,2012,324.0,13282.0
Kenya,KEN,2012,0.0,0.0
Republic of the Congo,COG,2012,0.0,0.0
South Korea,KOR,2012,69982.0,1871446.0
Croatia,HRV,2012,1285.0,12498.0
Kuwait,KWT,2012,45019.0,661502.0
Latvia,LVA,2012,0.0,0.0
Lebanon,LBN,2012,26.0,1089.0
Libya,LBY,2012,0.0,0.0
Lithuania,LTU,2012,0.0,0.0
Luxembourg,LUX,2012,0.0,0.0
Macau,MAC,2012,47787.0,300762.0
Madagascar,MDG,2012,0.0,0.0
Maldives,MDV,2012,378.0,12888.0
Malaysia,MYS,2012,51583.0,1133160.0
Malta,MLT,2012,0.0,0.0
Morocco,MAR,2012,29.0,1216.0
Martinique,MTQ,2012,275.0,4565.0
Mauritania,MRT,2012,0.0,0.0
Mauritius,MUS,2012,1401.0,18394.0
Mexico,MEX,2012,82403.0,1769750.0
Egypt,EGY,2012,0.0,0.0
Monaco,MCO,2012,0.0,0.0
Mongolia,MNG,2012,42.0,2285.0
Myanmar,MMR,2012,2644.0,25968.0
Namibia,NAM,2012,0.0,0.0
Nepal,NPL,2012,0.0,0.0
Netherlands Antilles,ANT,2012,56.0,638.0
Niger,NER,2012,0.0,0.0
Nigeria,NGA,2012,838.0,2325.0
Nicaragua,NIC,2012,0.0,0.0
Northern Mariana Islands,MNP,2012,0.0,0.0
Norway,NOR,2012,0.0,0.0
Oman,OMN,2012,302.0,4404.0
Pakistan,PAK,2012,123419.0,773082.0
Palau,PLW,2012,68.0,304.0
Panama,PAN,2012,69193.0,872734.0
Cote d'Ivoire,CIV,2012,0.0,0.0
Papua New Guinea,PNG,2012,0.0,0.0
Paraguay,PRY,2012,0.0,0.0
France,FRA,2012,21324.0,829204.0
Peru,PER,2012,720.0,31339.0
Philippines,PHL,2012,29067.0,306801.0
Poland,POL,2012,197.0,3464.0
Portugal,PRT,2012,0.0,0.0
Puerto Rico,PRI,2012,40.0,2435.0
Qatar,QAT,2012,0.0,0.0
Czech Republic,CZE,2012,986.0,42591.0
Dominican Republic,DOM,2012,13113.0,86362.0
Reunion,REU,2012,0.0,0.0
Romania,ROU,2012,0.0,0.0
Saint Kitts and Nevis,KNA,2012,0.0,0.0
Saint Lucia,LCA,2012,0.0,0.0
Sao Tome and Principe,STP,2012,0.0,0.0
Saudi Arabia,SAU,2012,151436.0,3319086.0
New Zealand,NZL,2012,42463.0,288329.0
Serbia,SRB,2012,0.0,0.0
Seychelles,SYC,2012,31.0,463.0
Singapore,SGP,2012,63842.0,1200146.0
Slovakia,SVK,2012,0.0,0.0
Slovenia,SVN,2012,0.0,0.0
Somalia,SOM,2012,0.0,0.0
Spain,ESP,2012,106932.0,1919577.0
Sri Lanka,LKA,2012,23858.0,116586.0
Saint Vincent and the Grenadines,VCT,2012,0.0,0.0
Sudan,SDN,2012,0.0,0.0
Suriname,SUR,2012,0.0,0.0
Eswatini,SWZ,2012,0.0,0.0
Sweden,SWE,2012,66.0,993.0
Switzerland,CHE,2012,995.0,11185.0
Taiwan,TWN,2012,128506.0,1373287.0
Thailand,THA,2012,50260.0,601717.0
Timor-Leste,TLS,2012,13810.0,4591.0
Togo,TGO,2012,39393.0,701160.0
Tonga,TON,2012,735.0,3229.0
Trinidad and Tobago,TTO,2012,0.0,0.0
Tunisia,TUN,2012,1310.0,1335.0
Turkey,TUR,2012,5914.0,177145.0
Turks and Caicos Islands,TCA,2012,0.0,0.0
United States Virgin Islands,VIR,2012,0.0,0.0
Uganda,UGA,2012,0.0,0.0
Ukraine,UKR,2012,90.0,3723.0
United Arab Emirates,ARE,2012,399214.0,7928359.0
Uruguay,URY,2012,76.0,3059.0
Uzbekistan,UZB,2012,0.0,0.0
Vanuatu,VUT,2012,0.0,0.0
Venezuela,VEN,2012,3049.0,150445.0
Vietnam,VNM,2012,89947.0,935246.0
British Virgin Islands,VGB,2012,0.0,0.0
Yemen,YEM,2012,0.0,0.0
Greece,GRC,2012,5887.0,41645.0
Zimbabwe,ZWE,2012,1224.0,12078.0
South Africa,ZAF,2013,155523.0,1570822.0
Albania,ALB,2013,0.0,0.0
Algeria,DZA,2013,0.0,0.0
United States,USA,2013,5531549.0,125879403.0
Angola,AGO,2013,0.0,0.0
Argentina,ARG,2013,0.0,0.0
Aruba,ABW,2013,0.0,0.0
Australia,AUS,2013,32459.0,643772.0
Austria,AUT,2013,0.0,0.0
Bahamass,BHS,2013,0.0,0.0
Bahrain,BHR,2013,11560.0,156560.0
Bangladesh,BGD,2013,245168.0,2612111.0
Barbados,BRB,2013,0.0,0.0
Netherlands,NLD,2013,69958.0,1612800.0
Belgium,BEL,2013,870.0,38058.0
Belize,BLZ,2013,0.0,0.0
Benin,BEN,2013,3216.0,5657.0
Bermuda,BMU,2013,0.0,0.0
Bolivia,BOL,2013,0.0,0.0
Brazil,BRA,2013,5509.0,184978.0
Brunei Darussalam,BRN,2013,5759.0,91537.0
Bulgaria,BGR,2013,0.0,0.0
Chile,CHL,2013,3527.0,148033.0
China,CHN,2013,74358.0,2678945.0
Colombia,COL,2013,368.0,13912.0
COOK ISLANDS,COK,2013,0.0,0.0
Costa Rica,CRI,2013,0.0,0.0
Cyprus,CYP,2013,0.0,0.0
Denmark,DNK,2013,8809.0,133847.0
Djibouti,DJI,2013,0.0,0.0
Ecuador,ECU,2013,0.0,0.0
El Salvador,SLV,2013,0.0,0.0
Ethiopia,ETH,2013,0.0,0.0
Russia,RUS,2013,680.0,26085.0
Fiji,FJI,2013,34482.0,191609.0
Finland,FIN,2013,35.0,69.0
French Polynesia,PYF,2013,64.0,983.0
Gambia,GMB,2013,6241.0,51529.0
Georgia,GEO,2013,0.0,0.0
Ghana,GHA,2013,0.0,0.0
Gibraltar,GIB,2013,176.0,2450.0
Guadeloupe,GLP,2013,0.0,0.0
Guam,GUM,2013,237.0,3980.0
Guinea,GIN,2013,0.0,0.0
Guyana,GUY,2013,0.0,0.0
Haiti,HTI,2013,0.0,0.0
Hong Kong,HKG,2013,24265.0,1053111.0
Hungary,HUN,2013,0.0,0.0
Iceland,ISL,2013,0.0,0.0
India,IND,2013,58692.0,2146599.0
United Kingdom,GBR,2013,736917.0,19712184.0
Iraq,IRQ,2013,0.0,0.0
Iran,IRN,2013,0.0,0.0
Ireland,IRL,2013,0.0,0.0
Israel,ISR,2013,181.0,7069.0
Italy,ITA,2013,46092.0,1406317.0
Jamaica,JAM,2013,0.0,0.0
Japan,JPN,2013,685623.0,21064782.0
Germany,DEU,2013,167088.0,4569811.0
JERSEY,JEY,2013,0.0,0.0
Jordan,JOR,2013,35967.0,354384.0
New Caledonia,NCL,2013,0.0,0.0
Cambodia,KHM,2013,365251.0,1656410.0
Cameroon,CMR,2013,0.0,0.0
Canada,CAN,2013,226839.0,3444733.0
Kazakhstan,KAZ,2013,280.0,9421.0
Kenya,KEN,2013,425.0,4050.0
Republic of the Congo,COG,2013,0.0,0.0
South Korea,KOR,2013,37547.0,1239590.0
Croatia,HRV,2013,0.0,0.0
Kuwait,KWT,2013,63009.0,723970.0
Latvia,LVA,2013,0.0,0.0
Lebanon,LBN,2013,21.0,793.0
Libya,LBY,2013,0.0,0.0
Lithuania,LTU,2013,0.0,0.0
Luxembourg,LUX,2013,0.0,0.0
Macau,MAC,2013,85174.0,761328.0
Madagascar,MDG,2013,0.0,0.0
Maldives,MDV,2013,199.0,5377.0
Malaysia,MYS,2013,141766.0,2714881.0
Malta,MLT,2013,0.0,0.0
Morocco,MAR,2013,42.0,1494.0
Martinique,MTQ,2013,0.0,0.0
Mauritania,MRT,2013,0.0,0.0
Mauritius,MUS,2013,246.0,467.0
Mexico,MEX,2013,15557.0,430807.0
Egypt,EGY,2013,0.0,0.0
Monaco,MCO,2013,0.0,0.0
Mongolia,MNG,2013,0.0,0.0
Myanmar,MMR,2013,13289.0,153909.0
Namibia,NAM,2013,0.0,0.0
Nepal,NPL,2013,0.0,0.0
Netherlands Antilles,ANT,2013,9.0,444.0
Niger,NER,2013,0.0,0.0
Nigeria,NGA,2013,33666.0,73398.0
Nicaragua,NIC,2013,0.0,0.0
Northern Mariana Islands,MNP,2013,0.0,0.0
Norway,NOR,2013,149.0,4415.0
Oman,OMN,2013,0.0,0.0
Pakistan,PAK,2013,167490.0,1407980.0
Palau,PLW,2013,5.0,43.0
Panama,PAN,2013,37425.0,680320.0
Cote d'Ivoire,CIV,2013,0.0,0.0
Papua New Guinea,PNG,2013,0.0,0.0
Paraguay,PRY,2013,0.0,0.0
France,FRA,2013,19106.0,704216.0
Peru,PER,2013,1005.0,43008.0
Philippines,PHL,2013,26420.0,217008.0
Poland,POL,2013,108.0,4697.0
Portugal,PRT,2013,0.0,0.0
Puerto Rico,PRI,2013,102.0,4000.0
Qatar,QAT,2013,0.0,0.0
Czech Republic,CZE,2013,3598.0,188250.0
Dominican Republic,DOM,2013,0.0,0.0
Reunion,REU,2013,0.0,0.0
Romania,ROU,2013,0.0,0.0
Saint Kitts and Nevis,KNA,2013,75.0,3585.0
Saint Lucia,LCA,2013,15.0,301.0
Sao Tome and Principe,STP,2013,0.0,0.0
Saudi Arabia,SAU,2013,142691.0,3107483.0
New Zealand,NZL,2013,103584.0,949319.0
Serbia,SRB,2013,0.0,0.0
Seychelles,SYC,2013,0.0,0.0
Singapore,SGP,2013,106782.0,2470269.0
Slovakia,SVK,2013,0.0,0.0
Slovenia,SVN,2013,0.0,0.0
Somalia,SOM,2013,0.0,0.0
Spain,ESP,2013,41045.0,608957.0
Sri Lanka,LKA,2013,38620.0,273719.0
Saint Vincent and the Grenadines,VCT,2013,0.0,0.0
Sudan,SDN,2013,0.0,0.0
Suriname,SUR,2013,0.0,0.0
Eswatini,SWZ,2013,0.0,0.0
Sweden,SWE,2013,145.0,4646.0
Switzerland,CHE,2013,205.0,7032.0
Taiwan,TWN,2013,162169.0,1642712.0
Thailand,THA,2013,69422.0,940758.0
Timor-Leste,TLS,2013,15765.0,5927.0
Togo,TGO,2013,32119.0,172820.0
Tonga,TON,2013,0.0,0.0
Trinidad and Tobago,TTO,2013,0.0,0.0
Tunisia,TUN,2013,0.0,0.0
Turkey,TUR,2013,785.0,30714.0
Turks and Caicos Islands,TCA,2013,0.0,0.0
United States Virgin Islands,VIR,2013,0.0,0.0
Uganda,UGA,2013,0.0,0.0
Ukraine,UKR,2013,85.0,3313.0
United Arab Emirates,ARE,2013,547661.0,9094629.0
Uruguay,URY,2013,104.0,3867.0
Uzbekistan,UZB,2013,0.0,0.0
Vanuatu,VUT,2013,0.0,0.0
Venezuela,VEN,2013,24.0,1168.0
Vietnam,VNM,2013,142578.0,1330272.0
British Virgin Islands,VGB,2013,0.0,0.0
Yemen,YEM,2013,22195.0,462276.0
Greece,GRC,2013,2421.0,19474.0
Zimbabwe,ZWE,2013,8956.0,78730.0
South Africa,ZAF,2014,55525.0,479494.0
Albania,ALB,2014,0.0,0.0
Algeria,DZA,2014,6788.0,144585.0
United States,USA,2014,3859341.0,93663138.0
Angola,AGO,2014,0.0,0.0
Argentina,ARG,2014,118.0,4898.0
Aruba,ABW,2014,0.0,0.0
Australia,AUS,2014,101102.0,2210173.0
Austria,AUT,2014,26.0,360.0
Bahamass,BHS,2014,0.0,0.0
Bahrain,BHR,2014,10483.0,143882.0
Bangladesh,BGD,2014,53853.0,812945.0
Barbados,BRB,2014,0.0,0.0
Netherlands,NLD,2014,40901.0,576480.0
Belgium,BEL,2014,870.0,11577.0
Belize,BLZ,2014,0.0,0.0
Benin,BEN,2014,0.0,0.0
Bermuda,BMU,2014,0.0,0.0
Bolivia,BOL,2014,0.0,0.0
Brazil,BRA,2014,10427.0,224059.0
Brunei Darussalam,BRN,2014,3294.0,51304.0
Bulgaria,BGR,2014,0.0,0.0
Chile,CHL,2014,3583.0,104040.0
China,CHN,2014,60648.0,2176114.0
Colombia,COL,2014,254.0,8890.0
COOK ISLANDS,COK,2014,0.0,0.0
Costa Rica,CRI,2014,0.0,0.0
Cyprus,CYP,2014,0.0,0.0
Denmark,DNK,2014,8866.0,112395.0
Djibouti,DJI,2014,0.0,0.0
Ecuador,ECU,2014,74.0,1272.0
El Salvador,SLV,2014,0.0,0.0
Ethiopia,ETH,2014,0.0,0.0
Russia,RUS,2014,311.0,3944.0
Fiji,FJI,2014,12650.0,96040.0
Finland,FIN,2014,0.0,0.0
French Polynesia,PYF,2014,32.0,70.0
Gambia,GMB,2014,0.0,0.0
Georgia,GEO,2014,0.0,0.0
Ghana,GHA,2014,0.0,0.0
Gibraltar,GIB,2014,0.0,0.0
Guadeloupe,GLP,2014,0.0,0.0
Guam,GUM,2014,76.0,977.0
Guinea,GIN,2014,0.0,0.0
Guyana,GUY,2014,0.0,0.0
Haiti,HTI,2014,0.0,0.0
Hong Kong,HKG,2014,33217.0,969329.0
Hungary,HUN,2014,0.0,0.0
Iceland,ISL,2014,0.0,0.0
India,IND,2014,19503.0,669178.0
United Kingdom,GBR,2014,291548.0,9643778.0
Iraq,IRQ,2014,0.0,0.0
Iran,IRN,2014,0.0,0.0
Ireland,IRL,2014,0.0,0.0
Israel,ISR,2014,0.0,0.0
Italy,ITA,2014,42432.0,1320301.0
Jamaica,JAM,2014,0.0,0.0
Japan,JPN,2014,333641.0,15044890.0
Germany,DEU,2014,91583.0,1603859.0
JERSEY,JEY,2014,0.0,0.0
Jordan,JOR,2014,5484.0,63401.0
New Caledonia,NCL,2014,0.0,0.0
Cambodia,KHM,2014,652171.0,2691503.0
Cameroon,CMR,2014,0.0,0.0
Canada,CAN,2014,169470.0,3417045.0
Kazakhstan,KAZ,2014,0.0,0.0
Kenya,KEN,2014,0.0,0.0
Republic of the Congo,COG,2014,0.0,0.0
South Korea,KOR,2014,36802.0,1213154.0
Croatia,HRV,2014,93.0,1210.0
Kuwait,KWT,2014,44629.0,485776.0
Latvia,LVA,2014,0.0,0.0
Lebanon,LBN,2014,0.0,0.0
Libya,LBY,2014,0.0,0.0
Lithuania,LTU,2014,0.0,0.0
Luxembourg,LUX,2014,7.0,454.0
Macau,MAC,2014,13144.0,154890.0
Madagascar,MDG,2014,0.0,0.0
Maldives,MDV,2014,138.0,5963.0
Malaysia,MYS,2014,123200.0,1588479.0
Malta,MLT,2014,0.0,0.0
Morocco,MAR,2014,0.0,0.0
Martinique,MTQ,2014,0.0,0.0
Mauritania,MRT,2014,0.0,0.0
Mauritius,MUS,2014,487.0,5963.0
Mexico,MEX,2014,2292.0,79479.0
Egypt,EGY,2014,0.0,0.0
Monaco,MCO,2014,0.0,0.0
Mongolia,MNG,2014,0.0,0.0
Myanmar,MMR,2014,65855.0,699842.0
Namibia,NAM,2014,0.0,0.0
Nepal,NPL,2014,0.0,0.0
Netherlands Antilles,ANT,2014,0.0,0.0
Niger,NER,2014,0.0,0.0
Nigeria,NGA,2014,11947.0,232300.0
Nicaragua,NIC,2014,0.0,0.0
Northern Mariana Islands,MNP,2014,0.0,0.0
Norway,NOR,2014,328.0,3835.0
Oman,OMN,2014,0.0,0.0
Pakistan,PAK,2014,23831.0,250597.0
Palau,PLW,2014,0.0,0.0
Panama,PAN,2014,10218.0,225981.0
Cote d'Ivoire,CIV,2014,0.0,0.0
Papua New Guinea,PNG,2014,0.0,0.0
Paraguay,PRY,2014,0.0,0.0
France,FRA,2014,15232.0,601006.0
Peru,PER,2014,222.0,13965.0
Philippines,PHL,2014,36456.0,267943.0
Poland,POL,2014,0.0,0.0
Portugal,PRT,2014,1.0,30.0
Puerto Rico,PRI,2014,0.0,0.0
Qatar,QAT,2014,0.0,0.0
Czech Republic,CZE,2014,3795.0,173294.0
Dominican Republic,DOM,2014,0.0,0.0
Reunion,REU,2014,5.0,269.0
Romania,ROU,2014,0.0,0.0
Saint Kitts and Nevis,KNA,2014,58.0,2814.0
Saint Lucia,LCA,2014,0.0,0.0
Sao Tome and Principe,STP,2014,0.0,0.0
Saudi Arabia,SAU,2014,116829.0,2696070.0
New Zealand,NZL,2014,22503.0,221331.0
Serbia,SRB,2014,0.0,0.0
Seychelles,SYC,2014,0.0,0.0
Singapore,SGP,2014,87381.0,2513354.0
Slovakia,SVK,2014,0.0,0.0
Slovenia,SVN,2014,0.0,0.0
Somalia,SOM,2014,0.0,0.0
Spain,ESP,2014,16228.0,318772.0
Sri Lanka,LKA,2014,20232.0,203024.0
Saint Vincent and the Grenadines,VCT,2014,0.0,0.0
Sudan,SDN,2014,0.0,0.0
Suriname,SUR,2014,1165.0,12584.0
Eswatini,SWZ,2014,0.0,0.0
Sweden,SWE,2014,270.0,3480.0
Switzerland,CHE,2014,497.0,6240.0
Taiwan,TWN,2014,36363.0,651211.0
Thailand,THA,2014,141320.0,1701540.0
Timor-Leste,TLS,2014,5055.0,6025.0
Togo,TGO,2014,0.0,0.0
Tonga,TON,2014,0.0,0.0
Trinidad and Tobago,TTO,2014,0.0,0.0
Tunisia,TUN,2014,0.0,0.0
Turkey,TUR,2014,0.0,0.0
Turks and Caicos Islands,TCA,2014,0.0,0.0
United States Virgin Islands,VIR,2014,0.0,0.0
Uganda,UGA,2014,0.0,0.0
Ukraine,UKR,2014,0.0,0.0
United Arab Emirates,ARE,2014,525775.0,10491485.0
Uruguay,URY,2014,29.0,1147.0
Uzbekistan,UZB,2014,186.0,768.0
Vanuatu,VUT,2014,0.0,0.0
Venezuela,VEN,2014,0.0,0.0
Vietnam,VNM,2014,56531.0,716600.0
British Virgin Islands,VGB,2014,0.0,0.0
Yemen,YEM,2014,7644.0,144250.0
Greece,GRC,2014,447.0,5578.0
Zimbabwe,ZWE,2014,2031.0,31172.0
South Africa,ZAF,2015,77607.84,581528.91
Albania,ALB,2015,0.0,0.0
Algeria,DZA,2015,5621.0,134112.0
United States,USA,2015,5649020.059,135898590.1
Angola,AGO,2015,0.0,0.0
Argentina,ARG,2015,0.0,0.0
Aruba,ABW,2015,0.0,0.0
Australia,AUS,2015,116084.08,2655937.27
Austria,AUT,2015,0.0,0.0
Bahamass,BHS,2015,0.0,0.0
Bahrain,BHR,2015,0.0,0.0
Bangladesh,BGD,2015,93748.0,906979.71
Barbados,BRB,2015,0.0,0.0
Netherlands,NLD,2015,220952.84,3067879.58
Belgium,BEL,2015,0.0,0.0
Belize,BLZ,2015,0.0,0.0
Benin,BEN,2015,0.0,0.0
Bermuda,BMU,2015,0.0,0.0
Bolivia,BOL,2015,1.0,18.0
Brazil,BRA,2015,3430.0,121548.0
Brunei Darussalam,BRN,2015,3036.0,33252.25
Bulgaria,BGR,2015,0.0,0.0
Chile,CHL,2015,4170.0,118569.0
China,CHN,2015,139966.7,6135148.07
Colombia,COL,2015,14284.56,232066.99
COOK ISLANDS,COK,2015,0.0,0.0
Costa Rica,CRI,2015,725.0,7013.0
Cyprus,CYP,2015,0.0,0.0
Denmark,DNK,2015,6636.7,80295.68
Djibouti,DJI,2015,0.0,0.0
Ecuador,ECU,2015,0.0,0.0
El Salvador,SLV,2015,0.0,0.0
Ethiopia,ETH,2015,0.0,0.0
Russia,RUS,2015,1.0,99.0
Fiji,FJI,2015,16047.0,172198.0
Finland,FIN,2015,0.0,0.0
French Polynesia,PYF,2015,0.0,0.0
Gambia,GMB,2015,0.0,0.0
Georgia,GEO,2015,0.0,0.0
Ghana,GHA,2015,0.0,0.0
Gibraltar,GIB,2015,0.0,0.0
Guadeloupe,GLP,2015,752.0,585.0
Guam,GUM,2015,50.0,486.0
Guinea,GIN,2015,0.0,0.0
Guyana,GUY,2015,0.0,0.0
Haiti,HTI,2015,0.0,0.0
Hong Kong,HKG,2015,26221.89,781848.86
Hungary,HUN,2015,20.0,420.0
Iceland,ISL,2015,0.0,0.0
India,IND,2015,15507.2,567208.82
United Kingdom,GBR,2015,62329.9,2909037.47
Iraq,IRQ,2015,0.0,0.0
Iran,IRN,2015,0.0,0.0
Ireland,IRL,2015,0.0,0.0
Israel,ISR,2015,0.0,0.0
Italy,ITA,2015,3649.51,225312.77
Jamaica,JAM,2015,0.0,0.0
Japan,JPN,2015,286293.47,13742143.41
Germany,DEU,2015,57257.7,1249614.51
JERSEY,JEY,2015,0.0,0.0
Jordan,JOR,2015,0.0,0.0
New Caledonia,NCL,2015,0.0,0.0
Cambodia,KHM,2015,358802.3,1658697.75
Cameroon,CMR,2015,1680.0,2856.0
Canada,CAN,2015,233307.8,4951082.25
Kazakhstan,KAZ,2015,0.0,0.0
Kenya,KEN,2015,0.0,0.0
Republic of the Congo,COG,2015,0.0,0.0
South Korea,KOR,2015,41669.71,1856590.34
Croatia,HRV,2015,0.0,0.0
Kuwait,KWT,2015,44060.0,540797.0
Latvia,LVA,2015,0.0,0.0
Lebanon,LBN,2015,0.0,0.0
Libya,LBY,2015,0.0,0.0
Lithuania,LTU,2015,0.0,0.0
Luxembourg,LUX,2015,0.0,0.0
Macau,MAC,2015,42854.0,487815.96
Madagascar,MDG,2015,0.0,0.0
Maldives,MDV,2015,0.0,0.0
Malaysia,MYS,2015,12963.3,230742.81
Malta,MLT,2015,0.0,0.0
Morocco,MAR,2015,0.0,0.0
Martinique,MTQ,2015,0.0,0.0
Mauritania,MRT,2015,8268.0,90630.0
Mauritius,MUS,2015,202.0,1096.0
Mexico,MEX,2015,58301.99,1516635.2
Egypt,EGY,2015,0.0,0.0
Monaco,MCO,2015,0.0,0.0
Mongolia,MNG,2015,0.0,0.0
Myanmar,MMR,2015,40477.9,368746.02
Namibia,NAM,2015,0.0,0.0
Nepal,NPL,2015,18.0,841.0
Netherlands Antilles,ANT,2015,2.0,1997.0
Niger,NER,2015,0.0,0.0
Nigeria,NGA,2015,215.0,236.0
Nicaragua,NIC,2015,0.0,0.0
Northern Mariana Islands,MNP,2015,16.0,35.0
Norway,NOR,2015,30.4,1287.2
Oman,OMN,2015,0.0,0.0
Pakistan,PAK,2015,91319.0,977415.16
Palau,PLW,2015,0.0,0.0
Panama,PAN,2015,37437.42,768366.65
Cote d'Ivoire,CIV,2015,0.0,0.0
Papua New Guinea,PNG,2015,0.0,0.0
Paraguay,PRY,2015,0.0,0.0
France,FRA,2015,13270.68,484747.86
Peru,PER,2015,2060.0,41108.0
Philippines,PHL,2015,75082.63,226969.48
Poland,POL,2015,0.0,0.0
Portugal,PRT,2015,0.0,0.0
Puerto Rico,PRI,2015,48.0,1732.0
Qatar,QAT,2015,0.0,0.0
Czech Republic,CZE,2015,0.0,0.0
Dominican Republic,DOM,2015,0.0,0.0
Reunion,REU,2015,0.0,0.0
Romania,ROU,2015,0.0,0.0
Saint Kitts and Nevis,KNA,2015,51.0,1957.8
Saint Lucia,LCA,2015,0.0,0.0
Sao Tome and Principe,STP,2015,0.0,0.0
Saudi Arabia,SAU,2015,24919.0,13845.71
New Zealand,NZL,2015,49937.5,617619.99
Serbia,SRB,2015,0.0,0.0
Seychelles,SYC,2015,0.0,0.0
Singapore,SGP,2015,64625.15,2467130.01
Slovakia,SVK,2015,0.0,0.0
Slovenia,SVN,2015,218.0,4874.0
Somalia,SOM,2015,0.0,0.0
Spain,ESP,2015,19528.6,261623.69
Sri Lanka,LKA,2015,61508.0,545767.36
Saint Vincent and the Grenadines,VCT,2015,0.0,0.0
Sudan,SDN,2015,0.0,0.0
Suriname,SUR,2015,226.0,3508.0
Eswatini,SWZ,2015,0.0,0.0
Sweden,SWE,2015,2.0,63.0
Switzerland,CHE,2015,43.67,1891.05
Taiwan,TWN,2015,58941.4,1090003.4
Thailand,THA,2015,227012.18,2771050.05
Timor-Leste,TLS,2015,1790.0,1445.0
Togo,TGO,2015,0.0,0.0
Tonga,TON,2015,0.0,0.0
Trinidad and Tobago,TTO,2015,0.0,0.0
Tunisia,TUN,2015,0.0,0.0
Turkey,TUR,2015,66.39,2760.88
Turks and Caicos Islands,TCA,2015,0.0,0.0
United States Virgin Islands,VIR,2015,0.0,0.0
Uganda,UGA,2015,0.0,0.0
Ukraine,UKR,2015,0.0,0.0
United Arab Emirates,ARE,2015,292827.91,5893919.5
Uruguay,URY,2015,0.0,0.0
Uzbekistan,UZB,2015,0.0,0.0
Vanuatu,VUT,2015,0.0,0.0
Venezuela,VEN,2015,0.0,0.0
Vietnam,VNM,2015,120949.4,1418418.65
British Virgin Islands,VGB,2015,0.0,0.0
Yemen,YEM,2015,0.0,0.0
Greece,GRC,2015,4.0,260.0
Zimbabwe,ZWE,2015,15551.0,199593.75
South Africa,ZAF,2016,110001.46,1052740.51
Albania,ALB,2016,0.0,0.0
Algeria,DZA,2016,0.0,0.0
United States,USA,2016,5361982.64,127465549.9
Angola,AGO,2016,0.0,0.0
Argentina,ARG,2016,0.0,0.0
Aruba,ABW,2016,7.0,53.2
Australia,AUS,2016,151590.47,3200991.9
Austria,AUT,2016,0.0,0.0
Bahamass,BHS,2016,0.0,0.0
Bahrain,BHR,2016,0.0,0.0
Bangladesh,BGD,2016,83408.13,972146.09
Barbados,BRB,2016,63.0,63.0
Netherlands,NLD,2016,92945.7,1369303.74
Belgium,BEL,2016,1.0,196.15
Belize,BLZ,2016,0.0,0.0
Benin,BEN,2016,0.0,0.0
Bermuda,BMU,2016,200.0,15244.0
Bolivia,BOL,2016,0.0,0.0
Brazil,BRA,2016,17.88,851.76
Brunei Darussalam,BRN,2016,2001.0,23622.03
Bulgaria,BGR,2016,0.0,0.0
Chile,CHL,2016,9301.43,317456.45
China,CHN,2016,33816.91,1630959.54
Colombia,COL,2016,37150.94,343161.01
COOK ISLANDS,COK,2016,0.0,0.0
Costa Rica,CRI,2016,0.0,0.0
Cyprus,CYP,2016,0.0,0.0
Denmark,DNK,2016,917.18,27061.3
Djibouti,DJI,2016,0.0,0.0
Ecuador,ECU,2016,0.0,0.0
El Salvador,SLV,2016,0.0,0.0
Ethiopia,ETH,2016,0.0,0.0
Russia,RUS,2016,90.23,2846.9
Fiji,FJI,2016,14328.3,108404.29
Finland,FIN,2016,0.0,0.0
French Polynesia,PYF,2016,1470.0,8830.0
Gambia,GMB,2016,0.0,0.0
Georgia,GEO,2016,0.0,0.0
Ghana,GHA,2016,0.0,0.0
Gibraltar,GIB,2016,0.0,0.0
Guadeloupe,GLP,2016,0.0,0.0
Guam,GUM,2016,0.0,0.0
Guinea,GIN,2016,0.0,0.0
Guyana,GUY,2016,0.0,0.0
Haiti,HTI,2016,0.0,0.0
Hong Kong,HKG,2016,13621.87,402766.57
Hungary,HUN,2016,0.0,0.0
Iceland,ISL,2016,0.0,0.0
India,IND,2016,9370.39,318652.53
United Kingdom,GBR,2016,40223.66,1288997.74
Iraq,IRQ,2016,0.0,0.0
Iran,IRN,2016,0.0,0.0
Ireland,IRL,2016,0.0,0.0
Israel,ISR,2016,6.0,116.77
Italy,ITA,2016,3988.82,199049.83
Jamaica,JAM,2016,0.0,0.0
Japan,JPN,2016,161070.44,5218714.88
Germany,DEU,2016,33204.57,1107745.97
JERSEY,JEY,2016,0.0,0.0
Jordan,JOR,2016,0.0,0.0
New Caledonia,NCL,2016,1146.3,12462.63
Cambodia,KHM,2016,96463.66,523797.71
Cameroon,CMR,2016,0.0,0.0
Canada,CAN,2016,161467.32,3709319.08
Kazakhstan,KAZ,2016,0.0,0.0
Kenya,KEN,2016,0.0,0.0
Republic of the Congo,COG,2016,0.0,0.0
South Korea,KOR,2016,61442.6,1796951.49
Croatia,HRV,2016,75.3,1636.99
Kuwait,KWT,2016,35614.55,323742.53
Latvia,LVA,2016,0.0,0.0
Lebanon,LBN,2016,0.0,0.0
Libya,LBY,2016,0.0,0.0
Lithuania,LTU,2016,0.0,0.0
Luxembourg,LUX,2016,0.0,0.0
Macau,MAC,2016,22698.0,274459.33
Madagascar,MDG,2016,663.6,5634.69
Maldives,MDV,2016,18.0,315.0
Malaysia,MYS,2016,40239.13,542231.82
Malta,MLT,2016,0.0,0.0
Morocco,MAR,2016,0.0,0.0
Martinique,MTQ,2016,0.0,0.0
Mauritania,MRT,2016,16196.0,150436.0
Mauritius,MUS,2016,50.0,778.18
Mexico,MEX,2016,50358.94,1342672.63
Egypt,EGY,2016,0.0,0.0
Monaco,MCO,2016,0.0,0.0
Mongolia,MNG,2016,0.0,0.0
Myanmar,MMR,2016,64957.02,659355.57
Namibia,NAM,2016,0.0,0.0
Nepal,NPL,2016,0.0,0.0
Netherlands Antilles,ANT,2016,0.0,0.0
Niger,NER,2016,0.0,0.0
Nigeria,NGA,2016,14.0,1132.5
Nicaragua,NIC,2016,0.0,0.0
Northern Mariana Islands,MNP,2016,0.0,0.0
Norway,NOR,2016,769.58,29472.45
Oman,OMN,2016,18882.67,332541.51
Pakistan,PAK,2016,61669.0,701060.94
Palau,PLW,2016,0.0,0.0
Panama,PAN,2016,13793.79,350750.45
Cote d'Ivoire,CIV,2016,0.0,0.0
Papua New Guinea,PNG,2016,0.0,0.0
Paraguay,PRY,2016,2.0,114.0
France,FRA,2016,4904.04,190891.1
Peru,PER,2016,647.09,31820.39
Philippines,PHL,2016,49477.05,163195.0
Poland,POL,2016,188.39,5880.0
Portugal,PRT,2016,0.0,0.0
Puerto Rico,PRI,2016,0.0,0.0
Qatar,QAT,2016,3196.0,51651.37
Czech Republic,CZE,2016,0.0,0.0
Dominican Republic,DOM,2016,0.0,0.0
Reunion,REU,2016,0.0,0.0
Romania,ROU,2016,0.0,0.0
Saint Kitts and Nevis,KNA,2016,5031.0,10399.3
Saint Lucia,LCA,2016,0.0,0.0
Sao Tome and Principe,STP,2016,0.0,0.0
Saudi Arabia,SAU,2016,106963.33,2104685.13
New Zealand,NZL,2016,29509.03,397799.6
Serbia,SRB,2016,0.0,0.0
Seychelles,SYC,2016,0.0,0.0
Singapore,SGP,2016,34984.73,863610.22
Slovakia,SVK,2016,0.0,0.0
Slovenia,SVN,2016,267.46,6196.36
Somalia,SOM,2016,0.0,0.0
Spain,ESP,2016,10736.05,154239.53
Sri Lanka,LKA,2016,56726.66,505949.95
Saint Vincent and the Grenadines,VCT,2016,0.0,0.0
Sudan,SDN,2016,23280.0,412525.0
Suriname,SUR,2016,0.0,0.0
Eswatini,SWZ,2016,0.0,0.0
Sweden,SWE,2016,874.64,27155.8
Switzerland,CHE,2016,727.35,25356.48
Taiwan,TWN,2016,8075.55,206038.84
Thailand,THA,2016,120735.82,925918.04
Timor-Leste,TLS,2016,44.99,1501.68
Togo,TGO,2016,0.0,0.0
Tonga,TON,2016,0.0,0.0
Trinidad and Tobago,TTO,2016,0.0,0.0
Tunisia,TUN,2016,0.0,0.0
Turkey,TUR,2016,678.64,24473.89
Turks and Caicos Islands,TCA,2016,0.0,0.0
United States Virgin Islands,VIR,2016,0.0,0.0
Uganda,UGA,2016,0.0,0.0
Ukraine,UKR,2016,0.0,0.0
United Arab Emirates,ARE,2016,93205.92,1968073.02
Uruguay,URY,2016,812.0,288.14
Uzbekistan,UZB,2016,0.0,0.0
Vanuatu,VUT,2016,0.0,0.0
Venezuela,VEN,2016,0.0,0.0
Vietnam,VNM,2016,149514.4,944081.95
British Virgin Islands,VGB,2016,0.0,0.0
Yemen,YEM,2016,4878.72,99640.0
Greece,GRC,2016,202.0,3587.72
Zimbabwe,ZWE,2016,2434.0,29874.76
South Africa,ZAF,2017,31255.69,240012.23
Albania,ALB,2017,0.0,0.0
Algeria,DZA,2017,0.0,0.0
United States,USA,2017,2335990.27,48566661.36
Angola,AGO,2017,0.0,0.0
Argentina,ARG,2017,0.0,0.0
Aruba,ABW,2017,0.0,0.0
Australia,AUS,2017,46827.12,873439.52
Austria,AUT,2017,0.0,0.0
Bahamass,BHS,2017,0.0,0.0
Bahrain,BHR,2017,0.0,0.0
Bangladesh,BGD,2017,3317.91,47487.34
Barbados,BRB,2017,0.0,0.0
Netherlands,NLD,2017,86466.25,1249618.0
Belgium,BEL,2017,2941.45,171083.64
Belize,BLZ,2017,0.0,0.0
Benin,BEN,2017,0.0,0.0
Bermuda,BMU,2017,0.0,0.0
Bolivia,BOL,2017,0.0,0.0
Brazil,BRA,2017,530.0,9126.15
Brunei Darussalam,BRN,2017,884.0,10576.37
Bulgaria,BGR,2017,0.0,0.0
Chile,CHL,2017,3598.26,85000.18
China,CHN,2017,10454.24,317789.45
Colombia,COL,2017,30.0,1159.27
COOK ISLANDS,COK,2017,1010.0,1089.07
Costa Rica,CRI,2017,105.5,2077.52
Cyprus,CYP,2017,0.0,0.0
Denmark,DNK,2017,2858.5,75719.36
Djibouti,DJI,2017,0.0,0.0
Ecuador,ECU,2017,107.55,1615.2
El Salvador,SLV,2017,0.0,0.0
Ethiopia,ETH,2017,0.0,0.0
Russia,RUS,2017,0.0,0.0
Fiji,FJI,2017,3413.3,39025.99
Finland,FIN,2017,0.0,0.0
French Polynesia,PYF,2017,1267.23,18249.99
Gambia,GMB,2017,0.0,0.0
Georgia,GEO,2017,0.0,0.0
Ghana,GHA,2017,0.0,0.0
Gibraltar,GIB,2017,0.0,0.0
Guadeloupe,GLP,2017,0.0,0.0
Guam,GUM,2017,2.0,123.2
Guinea,GIN,2017,0.0,0.0
Guyana,GUY,2017,0.0,0.0
Haiti,HTI,2017,11818.1,52050.13
Hong Kong,HKG,2017,16154.24,394334.6
Hungary,HUN,2017,400.0,865.0
Iceland,ISL,2017,0.0,0.0
India,IND,2017,205.97,9270.31
United Kingdom,GBR,2017,31074.31,708785.06
Iraq,IRQ,2017,0.0,0.0
Iran,IRN,2017,3442.55,12096.0
Ireland,IRL,2017,0.0,0.0
Israel,ISR,2017,38.0,588.0
Italy,ITA,2017,14066.16,697774.98
Jamaica,JAM,2017,0.0,0.0
Japan,JPN,2017,105518.28,2201302.43
Germany,DEU,2017,44329.18,899513.54
JERSEY,JEY,2017,0.0,0.0
Jordan,JOR,2017,0.0,0.0
New Caledonia,NCL,2017,938.74,33116.59
Cambodia,KHM,2017,122068.0,433799.13
Cameroon,CMR,2017,0.0,0.0
Canada,CAN,2017,68311.58,1639647.84
Kazakhstan,KAZ,2017,0.0,0.0
Kenya,KEN,2017,0.0,0.0
Republic of the Congo,COG,2017,0.0,0.0
South Korea,KOR,2017,13925.67,201354.63
Croatia,HRV,2017,0.0,0.0
Kuwait,KWT,2017,33801.45,273993.54
Latvia,LVA,2017,817.42,21925.4
Lebanon,LBN,2017,0.0,0.0
Libya,LBY,2017,0.0,0.0
Lithuania,LTU,2017,0.0,0.0
Luxembourg,LUX,2017,0.0,0.0
Macau,MAC,2017,0.0,0.0
Madagascar,MDG,2017,0.0,0.0
Maldives,MDV,2017,0.0,0.0
Malaysia,MYS,2017,7645.05,106562.59
Malta,MLT,2017,0.0,0.0
Morocco,MAR,2017,0.0,0.0
Martinique,MTQ,2017,0.0,0.0
Mauritania,MRT,2017,0.0,0.0
Mauritius,MUS,2017,59.0,1008.0
Mexico,MEX,2017,8138.45,330587.46
Egypt,EGY,2017,0.0,0.0
Monaco,MCO,2017,0.0,0.0
Mongolia,MNG,2017,0.0,0.0
Myanmar,MMR,2017,79640.96,783823.43
Namibia,NAM,2017,0.0,0.0
Nepal,NPL,2017,1780.0,13494.0
Netherlands Antilles,ANT,2017,180.0,70055.68
Niger,NER,2017,0.0,0.0
Nigeria,NGA,2017,0.0,0.0
Nicaragua,NIC,2017,0.0,0.0
Northern Mariana Islands,MNP,2017,0.0,0.0
Norway,NOR,2017,125.22,6970.72
Oman,OMN,2017,3531.0,52461.75
Pakistan,PAK,2017,3030.0,48734.44
Palau,PLW,2017,0.0,0.0
Panama,PAN,2017,4509.99,128016.31
Cote d'Ivoire,CIV,2017,0.0,0.0
Papua New Guinea,PNG,2017,3370.18,13870.0
Paraguay,PRY,2017,0.0,0.0
France,FRA,2017,5672.2,280607.15
Peru,PER,2017,33.0,2756.44
Philippines,PHL,2017,968.97,15270.6
Poland,POL,2017,0.0,0.0
Portugal,PRT,2017,0.0,0.0
Puerto Rico,PRI,2017,0.0,0.0
Qatar,QAT,2017,0.0,0.0
Czech Republic,CZE,2017,0.0,0.0
Dominican Republic,DOM,2017,1.0,571.7
Reunion,REU,2017,15.0,5526.91
Romania,ROU,2017,0.0,0.0
Saint Kitts and Nevis,KNA,2017,51.0,2809.28
Saint Lucia,LCA,2017,250.0,802.0
Sao Tome and Principe,STP,2017,0.0,0.0
Saudi Arabia,SAU,2017,104403.04,2317785.55
New Zealand,NZL,2017,1735.5,19409.82
Serbia,SRB,2017,0.0,0.0
Seychelles,SYC,2017,0.0,0.0
Singapore,SGP,2017,32072.33,914268.69
Slovakia,SVK,2017,0.0,0.0
Slovenia,SVN,2017,20.0,49.4
Somalia,SOM,2017,0.0,0.0
Spain,ESP,2017,4271.71,85916.12
Sri Lanka,LKA,2017,58345.46,411480.85
Saint Vincent and the Grenadines,VCT,2017,0.0,0.0
Sudan,SDN,2017,35764.78,781735.0
Suriname,SUR,2017,2776.05,23880.78
Eswatini,SWZ,2017,0.0,0.0
Sweden,SWE,2017,172.86,10547.34
Switzerland,CHE,2017,13.54,720.58
Taiwan,TWN,2017,19518.8,630055.65
Thailand,THA,2017,138921.41,1444102.29
Timor-Leste,TLS,2017,0.0,0.0
Togo,TGO,2017,70.0,20.0
Tonga,TON,2017,0.0,0.0
Trinidad and Tobago,TTO,2017,0.0,0.0
Tunisia,TUN,2017,0.0,0.0
Turkey,TUR,2017,14.28,2681.42
Turks and Caicos Islands,TCA,2017,0.0,0.0
United States Virgin Islands,VIR,2017,0.0,0.0
Uganda,UGA,2017,0.0,0.0
Ukraine,UKR,2017,0.0,0.0
United Arab Emirates,ARE,2017,105305.97,2531522.29
Uruguay,URY,2017,48.96,3039.6
Uzbekistan,UZB,2017,0.0,0.0
Vanuatu,VUT,2017,0.0,0.0
Venezuela,VEN,2017,0.0,0.0
Vietnam,VNM,2017,11572.55,85564.14
British Virgin Islands,VGB,2017,8.0,26.37
Yemen,YEM,2017,0.0,0.0
Greece,GRC,2017,334.0,3780.25
Zimbabwe,ZWE,2017,0.0,0.0
South Africa,ZAF,2018,40501.34,291926.45
Albania,ALB,2018,0.0,0.0
Algeria,DZA,2018,0.0,0.0
United States,USA,2018,1448409.27,28126317.21
Angola,AGO,2018,0.0,0.0
Argentina,ARG,2018,0.0,0.0
Aruba,ABW,2018,0.0,0.0
Australia,AUS,2018,31074.34,615326.06
Austria,AUT,2018,66.0,3390.3
Bahamass,BHS,2018,0.0,0.0
Bahrain,BHR,2018,0.0,0.0
Bangladesh,BGD,2018,0.0,0.0
Barbados,BRB,2018,0.0,0.0
Netherlands,NLD,2018,73033.96,1061468.79
Belgium,BEL,2018,907.6,286447.02
Belize,BLZ,2018,828.0,11195.17
Benin,BEN,2018,0.0,0.0
Bermuda,BMU,2018,0.0,0.0
Bolivia,BOL,2018,0.0,0.0
Brazil,BRA,2018,808.93,14836.09
Brunei Darussalam,BRN,2018,146.24,2211.93
Bulgaria,BGR,2018,0.0,0.0
Chile,CHL,2018,754.85,23750.56
China,CHN,2018,13271.31,396789.06
Colombia,COL,2018,100.0,1675.0
COOK ISLANDS,COK,2018,0.0,0.0
Costa Rica,CRI,2018,168.0,311.85
Cyprus,CYP,2018,0.0,0.0
Denmark,DNK,2018,5562.0,87938.3
Djibouti,DJI,2018,0.0,0.0
Ecuador,ECU,2018,202.23,7563.78
El Salvador,SLV,2018,1161.0,2597.4
Ethiopia,ETH,2018,476.84,3103.85
Russia,RUS,2018,0.0,0.0
Fiji,FJI,2018,48293.86,474673.14
Finland,FIN,2018,0.0,0.0
French Polynesia,PYF,2018,18087.26,176383.85
Gambia,GMB,2018,0.0,0.0
Georgia,GEO,2018,0.0,0.0
Ghana,GHA,2018,1687.84,17044.65
Gibraltar,GIB,2018,0.0,0.0
Guadeloupe,GLP,2018,0.0,0.0
Guam,GUM,2018,0.0,0.0
Guinea,GIN,2018,0.0,0.0
Guyana,GUY,2018,0.0,0.0
Haiti,HTI,2018,9891.7,54716.64
Hong Kong,HKG,2018,14553.76,348758.96
Hungary,HUN,2018,0.0,0.0
Iceland,ISL,2018,0.0,0.0
India,IND,2018,0.0,0.0
United Kingdom,GBR,2018,18894.02,278110.51
Iraq,IRQ,2018,0.0,0.0
Iran,IRN,2018,0.0,0.0
Ireland,IRL,2018,0.0,0.0
Israel,ISR,2018,84.2,2539.66
Italy,ITA,2018,25271.24,1023819.02
Jamaica,JAM,2018,0.0,0.0
Japan,JPN,2018,163558.42,3094359.48
Germany,DEU,2018,10978.47,232234.28
JERSEY,JEY,2018,0.0,0.0
Jordan,JOR,2018,0.0,0.0
New Caledonia,NCL,2018,325.04,13647.1
Cambodia,KHM,2018,13045.8,46606.2
Cameroon,CMR,2018,0.0,0.0
Canada,CAN,2018,73493.86,1363797.58
Kazakhstan,KAZ,2018,0.0,0.0
Kenya,KEN,2018,411.7,8654.49
Republic of the Congo,COG,2018,0.0,0.0
South Korea,KOR,2018,8536.84,149956.83
Croatia,HRV,2018,0.0,0.0
Kuwait,KWT,2018,46233.05,467067.73
Latvia,LVA,2018,312.02,7430.81
Lebanon,LBN,2018,0.0,0.0
Libya,LBY,2018,0.0,0.0
Lithuania,LTU,2018,0.0,0.0
Luxembourg,LUX,2018,0.0,0.0
Macau,MAC,2018,0.0,0.0
Madagascar,MDG,2018,0.0,0.0
Maldives,MDV,2018,474.8,3143.54
Malaysia,MYS,2018,29313.74,400957.87
Malta,MLT,2018,0.0,0.0
Morocco,MAR,2018,0.0,0.0
Martinique,MTQ,2018,0.0,0.0
Mauritania,MRT,2018,0.0,0.0
Mauritius,MUS,2018,0.0,0.0
Mexico,MEX,2018,13412.09,425458.99
Egypt,EGY,2018,98.18,3655.36
Monaco,MCO,2018,0.0,0.0
Mongolia,MNG,2018,40.0,375.2
Myanmar,MMR,2018,116202.56,960072.79
Namibia,NAM,2018,0.0,0.0
Nepal,NPL,2018,0.0,0.0
Netherlands Antilles,ANT,2018,0.0,0.0
Niger,NER,2018,0.0,0.0
Nigeria,NGA,2018,766.0,2824.79
Nicaragua,NIC,2018,0.0,0.0
Northern Mariana Islands,MNP,2018,0.0,0.0
Norway,NOR,2018,50.0,2603.8
Oman,OMN,2018,736.9,8679.2
Pakistan,PAK,2018,0.0,0.0
Palau,PLW,2018,0.0,0.0
Panama,PAN,2018,864.12,19019.04
Cote d'Ivoire,CIV,2018,42.0,550.55
Papua New Guinea,PNG,2018,74.0,1429.43
Paraguay,PRY,2018,207.49,4656.64
France,FRA,2018,9696.77,413418.51
Peru,PER,2018,0.0,0.0
Philippines,PHL,2018,274.47,7473.21
Poland,POL,2018,0.0,0.0
Portugal,PRT,2018,0.0,0.0
Puerto Rico,PRI,2018,0.0,0.0
Qatar,QAT,2018,0.0,0.0
Czech Republic,CZE,2018,0.0,0.0
Dominican Republic,DOM,2018,4.3,2073.69
Reunion,REU,2018,0.0,0.0
Romania,ROU,2018,0.0,0.0
Saint Kitts and Nevis,KNA,2018,137.0,5729.62
Saint Lucia,LCA,2018,65.0,1294.57
Sao Tome and Principe,STP,2018,0.0,0.0
Saudi Arabia,SAU,2018,36398.61,1286085.55
New Zealand,NZL,2018,179.73,5630.01
Serbia,SRB,2018,0.0,0.0
Seychelles,SYC,2018,30.0,220.0
Singapore,SGP,2018,29347.14,643805.02
Slovakia,SVK,2018,0.0,0.0
Slovenia,SVN,2018,0.0,0.0
Somalia,SOM,2018,0.0,0.0
Spain,ESP,2018,4427.93,49713.99
Sri Lanka,LKA,2018,48532.36,260738.49
Saint Vincent and the Grenadines,VCT,2018,0.0,0.0
Sudan,SDN,2018,11357.07,267139.0
Suriname,SUR,2018,567.75,3633.6
Eswatini,SWZ,2018,0.0,0.0
Sweden,SWE,2018,371.95,14206.11
Switzerland,CHE,2018,10.0,1076.45
Taiwan,TWN,2018,1202.65,26565.16
Thailand,THA,2018,131427.65,1121021.34
Timor-Leste,TLS,2018,20.0,100.0
Togo,TGO,2018,0.0,0.0
Tonga,TON,2018,0.0,0.0
Trinidad and Tobago,TTO,2018,0.0,0.0
Tunisia,TUN,2018,0.0,0.0
Turkey,TUR,2018,25.66,623.04
Turks and Caicos Islands,TCA,2018,0.0,0.0
United States Virgin Islands,VIR,2018,18.0,72.83
Uganda,UGA,2018,0.0,0.0
Ukraine,UKR,2018,0.0,0.0
United Arab Emirates,ARE,2018,137455.69,3345752.65
Uruguay,URY,2018,48.3,2055.6
Uzbekistan,UZB,2018,0.0,0.0
Vanuatu,VUT,2018,21.0,117.88
Venezuela,VEN,2018,0.0,0.0
Vietnam,VNM,2018,9242.17,85920.47
British Virgin Islands,VGB,2018,0.0,0.0
Yemen,YEM,2018,0.0,0.0
Greece,GRC,2018,41.45,824.51
Zimbabwe,ZWE,2018,0.0,0.0
South Africa,ZAF,2019,14477.36,115884.47
Albania,ALB,2019,0.0,0.0
Algeria,DZA,2019,0.0,0.0
United States,USA,2019,1239081.65,24753192.22
Angola,AGO,2019,0.0,0.0
Argentina,ARG,2019,0.0,0.0
Aruba,ABW,2019,0.0,0.0
Australia,AUS,2019,19712.98,499468.88
Austria,AUT,2019,50.0,1327.54
Bahamass,BHS,2019,0.0,0.0
Bahrain,BHR,2019,0.0,0.0
Bangladesh,BGD,2019,8945.7,91224.8
Barbados,BRB,2019,225.0,8850.74
Netherlands,NLD,2019,33973.86,372412.71
Belgium,BEL,2019,473.97,64259.66
Belize,BLZ,2019,0.0,0.0
Benin,BEN,2019,0.0,0.0
Bermuda,BMU,2019,0.0,0.0
Bolivia,BOL,2019,0.0,0.0
Brazil,BRA,2019,218.0,14757.4
Brunei Darussalam,BRN,2019,200.0,2724.78
Bulgaria,BGR,2019,0.0,0.0
Chile,CHL,2019,208.54,8359.72
China,CHN,2019,9665.42,311265.91
Colombia,COL,2019,0.0,0.0
COOK ISLANDS,COK,2019,0.0,0.0
Costa Rica,CRI,2019,165.0,365.51
Cyprus,CYP,2019,0.0,0.0
Denmark,DNK,2019,9345.0,130861.06
Djibouti,DJI,2019,0.0,0.0
Ecuador,ECU,2019,0.0,0.0
El Salvador,SLV,2019,1450.0,3387.29
Ethiopia,ETH,2019,0.0,0.0
Russia,RUS,2019,3.38,177.82
Fiji,FJI,2019,54180.86,591623.56
Finland,FIN,2019,170.0,8147.82
French Polynesia,PYF,2019,8076.87,101421.19
Gambia,GMB,2019,0.0,0.0
Georgia,GEO,2019,0.0,0.0
Ghana,GHA,2019,0.0,0.0
Gibraltar,GIB,2019,0.0,0.0
Guadeloupe,GLP,2019,0.0,0.0
Guam,GUM,2019,93.0,1765.7
Guinea,GIN,2019,0.0,0.0
Guyana,GUY,2019,0.0,0.0
Haiti,HTI,2019,14552.5,79917.0
Hong Kong,HKG,2019,11365.57,352648.67
Hungary,HUN,2019,0.0,0.0
Iceland,ISL,2019,0.0,0.0
India,IND,2019,1.0,425.0
United Kingdom,GBR,2019,37383.5,824713.21
Iraq,IRQ,2019,0.0,0.0
Iran,IRN,2019,0.0,0.0
Ireland,IRL,2019,0.0,0.0
Israel,ISR,2019,0.0,0.0
Italy,ITA,2019,19385.6,893679.47
Jamaica,JAM,2019,0.0,0.0
Japan,JPN,2019,52925.3,943220.16
Germany,DEU,2019,6466.13,134015.46
JERSEY,JEY,2019,0.0,0.0
Jordan,JOR,2019,0.0,0.0
New Caledonia,NCL,2019,456.0,8838.8
Cambodia,KHM,2019,0.0,0.0
Cameroon,CMR,2019,0.0,0.0
Canada,CAN,2019,40299.54,809241.57
Kazakhstan,KAZ,2019,0.0,0.0
Kenya,KEN,2019,0.0,0.0
Republic of the Congo,COG,2019,0.0,0.0
South Korea,KOR,2019,2161.82,30962.4
Croatia,HRV,2019,0.0,0.0
Kuwait,KWT,2019,27533.46,284990.55
Latvia,LVA,2019,0.0,0.0
Lebanon,LBN,2019,0.0,0.0
Libya,LBY,2019,0.0,0.0
Lithuania,LTU,2019,0.0,0.0
Luxembourg,LUX,2019,0.0,0.0
Macau,MAC,2019,0.0,0.0
Madagascar,MDG,2019,0.0,0.0
Maldives,MDV,2019,160.0,3072.0
Malaysia,MYS,2019,105362.44,1330326.63
Malta,MLT,2019,0.0,0.0
Morocco,MAR,2019,0.0,0.0
Martinique,MTQ,2019,0.0,0.0
Mauritania,MRT,2019,0.0,0.0
Mauritius,MUS,2019,0.0,0.0
Mexico,MEX,2019,3718.76,80484.1
Egypt,EGY,2019,4857.87,42978.75
Monaco,MCO,2019,0.0,0.0
Mongolia,MNG,2019,0.0,0.0
Myanmar,MMR,2019,117886.75,1076429.21
Namibia,NAM,2019,2.0,149.94
Nepal,NPL,2019,0.0,0.0
Netherlands Antilles,ANT,2019,136.0,44650.42
Niger,NER,2019,0.0,0.0
Nigeria,NGA,2019,1144.0,4039.52
Nicaragua,NIC,2019,0.0,0.0
Northern Mariana Islands,MNP,2019,0.0,0.0
Norway,NOR,2019,1.0,94.25
Oman,OMN,2019,2091.4,27637.15
Pakistan,PAK,2019,0.0,0.0
Palau,PLW,2019,0.0,0.0
Panama,PAN,2019,0.0,0.0
Cote d'Ivoire,CIV,2019,0.0,0.0
Papua New Guinea,PNG,2019,0.0,0.0
Paraguay,PRY,2019,0.0,0.0
France,FRA,2019,11163.83,349484.61
Peru,PER,2019,0.0,0.0
Philippines,PHL,2019,15600.39,103131.9
Poland,POL,2019,0.0,0.0
Portugal,PRT,2019,0.0,0.0
Puerto Rico,PRI,2019,0.0,0.0
Qatar,QAT,2019,0.0,0.0
Czech Republic,CZE,2019,0.0,0.0
Dominican Republic,DOM,2019,455.0,15561.36
Reunion,REU,2019,0.0,0.0
Romania,ROU,2019,0.0,0.0
Saint Kitts and Nevis,KNA,2019,403.0,12144.09
Saint Lucia,LCA,2019,17.2,689.55
Sao Tome and Principe,STP,2019,0.0,0.0
Saudi Arabia,SAU,2019,21437.09,338429.52
New Zealand,NZL,2019,642.73,9891.98
Serbia,SRB,2019,36.0,1170.0
Seychelles,SYC,2019,560.0,4804.2
Singapore,SGP,2019,15330.73,400926.7
Slovakia,SVK,2019,0.0,0.0
Slovenia,SVN,2019,0.0,0.0
Somalia,SOM,2019,0.0,0.0
Spain,ESP,2019,203.9,3085.77
Sri Lanka,LKA,2019,46016.11,245720.24
Saint Vincent and the Grenadines,VCT,2019,0.0,0.0
Sudan,SDN,2019,0.0,0.0
Suriname,SUR,2019,533.6,3075.8
Eswatini,SWZ,2019,0.0,0.0
Sweden,SWE,2019,10.8,1024.74
Switzerland,CHE,2019,74.92,1260.72
Taiwan,TWN,2019,4434.8,25004.91
Thailand,THA,2019,131975.14,1062540.27
Timor-Leste,TLS,2019,782.14,1876.46
Togo,TGO,2019,0.0,0.0
Tonga,TON,2019,0.0,0.0
Trinidad and Tobago,TTO,2019,0.0,0.0
Tunisia,TUN,2019,0.0,0.0
Turkey,TUR,2019,0.0,0.0
Turks and Caicos Islands,TCA,2019,0.0,0.0
United States Virgin Islands,VIR,2019,0.0,0.0
Uganda,UGA,2019,0.0,0.0
Ukraine,UKR,2019,0.0,0.0
United Arab Emirates,ARE,2019,132527.48,3560859.3
Uruguay,URY,2019,0.0,0.0
Uzbekistan,UZB,2019,0.0,0.0
Vanuatu,VUT,2019,0.0,0.0
Venezuela,VEN,2019,0.0,0.0
Vietnam,VNM,2019,3517.32,46726.27
British Virgin Islands,VGB,2019,0.0,0.0
Yemen,YEM,2019,0.0,0.0
Greece,GRC,2019,510.23,8635.0
Zimbabwe,ZWE,2019,0.0,0.0
South Africa,ZAF,2020,14301.7,1187.9
Albania,ALB,2020,0.0,0.0
Algeria,DZA,2020,0.0,0.0
United States,USA,2020,19707557.47,1047693.11
Angola,AGO,2020,0.0,0.0
Argentina,ARG,2020,0.0,0.0
Aruba,ABW,2020,0.0,0.0
Australia,AUS,2020,521102.61,22364.01
Austria,AUT,2020,77.1,3.4
Bahamass,BHS,2020,1122.18,4.66
Bahrain,BHR,2020,824.77,2.95
Bangladesh,BGD,2020,0.0,0.0
Barbados,BRB,2020,998.81,3.15
Netherlands,NLD,2020,439630.92,21792.84
Belgium,BEL,2020,829.01,31.9
Belize,BLZ,2020,0.0,0.0
Benin,BEN,2020,0.0,0.0
Bermuda,BMU,2020,0.0,0.0
Bolivia,BOL,2020,0.0,0.0
Brazil,BRA,2020,0.0,0.0
Brunei Darussalam,BRN,2020,10125.8,382.5
Bulgaria,BGR,2020,0.0,0.0
Chile,CHL,2020,11178.06,287.02
China,CHN,2020,13374.22,647.32
Colombia,COL,2020,2040.0,52.48
COOK ISLANDS,COK,2020,0.0,0.0
Costa Rica,CRI,2020,3376.17,136.0
Cyprus,CYP,2020,0.0,0.0
Denmark,DNK,2020,29363.13,1419.0
Djibouti,DJI,2020,42660.0,3033.6
Ecuador,ECU,2020,5175.5,249.84
El Salvador,SLV,2020,0.0,0.0
Ethiopia,ETH,2020,77.83,20.59
Russia,RUS,2020,3205.66,88.15
Fiji,FJI,2020,499566.2,44723.55
Finland,FIN,2020,0.0,0.0
French Polynesia,PYF,2020,60525.32,5730.48
Gambia,GMB,2020,0.0,0.0
Georgia,GEO,2020,0.0,0.0
Ghana,GHA,2020,0.0,0.0
Gibraltar,GIB,2020,0.0,0.0
Guadeloupe,GLP,2020,508.64,1.52
Guam,GUM,2020,0.0,0.0
Guinea,GIN,2020,0.0,0.0
Guyana,GUY,2020,0.0,0.0
Haiti,HTI,2020,29211.1,5291.2
Hong Kong,HKG,2020,96544.77,3279.65
Hungary,HUN,2020,0.0,0.0
Iceland,ISL,2020,0.0,0.0
India,IND,2020,120114.88,85637.26
United Kingdom,GBR,2020,284235.2,22616.9
Iraq,IRQ,2020,0.0,0.0
Iran,IRN,2020,0.0,0.0
Ireland,IRL,2020,0.0,0.0
Israel,ISR,2020,2868.89,13.75
Italy,ITA,2020,670437.12,41955.84
Jamaica,JAM,2020,0.0,0.0
Japan,JPN,2020,431031.13,36663.61
Germany,DEU,2020,370663.05,20621.39
JERSEY,JEY,2020,36.72,0.5
Jordan,JOR,2020,0.0,0.0
New Caledonia,NCL,2020,0.0,0.0
Cambodia,KHM,2020,0.0,0.0
Cameroon,CMR,2020,0.0,0.0
Canada,CAN,2020,671786.26,41778.11
Kazakhstan,KAZ,2020,0.0,0.0
Kenya,KEN,2020,0.0,0.0
Republic of the Congo,COG,2020,0.0,0.0
South Korea,KOR,2020,5452.9,248.03
Croatia,HRV,2020,0.0,0.0
Kuwait,KWT,2020,21846.44,2104.22
Latvia,LVA,2020,0.0,0.0
Lebanon,LBN,2020,0.0,0.0
Libya,LBY,2020,0.0,0.0
Lithuania,LTU,2020,12758.78,754.79
Luxembourg,LUX,2020,0.0,0.0
Macau,MAC,2020,0.0,0.0
Madagascar,MDG,2020,0.0,0.0
Maldives,MDV,2020,0.0,0.0
Malaysia,MYS,2020,287361.81,13033.26
Malta,MLT,2020,0.0,0.0
Morocco,MAR,2020,0.0,0.0
Martinique,MTQ,2020,0.0,0.0
Mauritania,MRT,2020,0.0,0.0
Mauritius,MUS,2020,0.0,0.0
Mexico,MEX,2020,39233.33,1036.9
Egypt,EGY,2020,1018.68,27.05
Monaco,MCO,2020,231.92,2.1
Mongolia,MNG,2020,0.0,0.0
Myanmar,MMR,2020,596479.39,58343.36
Namibia,NAM,2020,0.0,0.0
Nepal,NPL,2020,0.0,0.0
Netherlands Antilles,ANT,2020,0.0,0.0
Niger,NER,2020,0.0,0.0
Nigeria,NGA,2020,1780.92,259.1
Nicaragua,NIC,2020,1497.27,145.32
Northern Mariana Islands,MNP,2020,0.0,0.0
Norway,NOR,2020,0.0,0.0
Oman,OMN,2020,1072.5,160.48
Pakistan,PAK,2020,0.0,0.0
Palau,PLW,2020,0.0,0.0
Panama,PAN,2020,1880.64,48.72
Cote d'Ivoire,CIV,2020,0.0,0.0
Papua New Guinea,PNG,2020,0.0,0.0
Paraguay,PRY,2020,1880.64,35.32
France,FRA,2020,196674.61,5721.98
Peru,PER,2020,1417.5,47.7
Philippines,PHL,2020,266448.45,22888.88
Poland,POL,2020,60.7,0.7
Portugal,PRT,2020,594.84,10.0
Puerto Rico,PRI,2020,32.75,0.5
Qatar,QAT,2020,0.0,0.0
Czech Republic,CZE,2020,0.0,0.0
Dominican Republic,DOM,2020,2461.66,20.0
Reunion,REU,2020,763.06,151.0
Romania,ROU,2020,0.0,0.0
Saint Kitts and Nevis,KNA,2020,7448.53,252.0
Saint Lucia,LCA,2020,0.0,0.0
Sao Tome and Principe,STP,2020,0.0,0.0
Saudi Arabia,SAU,2020,391671.87,30431.96
New Zealand,NZL,2020,6681.13,314.13
Serbia,SRB,2020,0.0,0.0
Seychelles,SYC,2020,1413.0,60.0
Singapore,SGP,2020,538172.42,23677.5
Slovakia,SVK,2020,0.0,0.0
Slovenia,SVN,2020,0.0,0.0
Somalia,SOM,2020,0.0,0.0
Spain,ESP,2020,4114.49,152.13
Sri Lanka,LKA,2020,138659.46,33955.8
Saint Vincent and the Grenadines,VCT,2020,0.0,0.0
Sudan,SDN,2020,0.0,0.0
Suriname,SUR,2020,11660.2,286.25
Eswatini,SWZ,2020,0.0,0.0
Sweden,SWE,2020,25831.23,1001.44
Switzerland,CHE,2020,7314.38,100.4
Taiwan,TWN,2020,6469.96,501.27
Thailand,THA,2020,826877.92,108729.76
Timor-Leste,TLS,2020,2652.0,517.0
Togo,TGO,2020,0.0,0.0
Tonga,TON,2020,0.0,0.0
Trinidad and Tobago,TTO,2020,0.0,0.0
Tunisia,TUN,2020,0.0,0.0
Turkey,TUR,2020,2631.5,16.56
Turks and Caicos Islands,TCA,2020,1087.72,4.27
United States Virgin Islands,VIR,2020,0.0,0.0
Uganda,UGA,2020,0.0,0.0
Ukraine,UKR,2020,0.0,0.0
United Arab Emirates,ARE,2020,298463.8,15494.36
Uruguay,URY,2020,522.0,17.53
Uzbekistan,UZB,2020,0.0,0.0
Vanuatu,VUT,2020,0.0,0.0
Venezuela,VEN,2020,0.0,0.0
Vietnam,VNM,2020,231780.25,16551.83
British Virgin Islands,VGB,2020,0.0,0.0
Yemen,YEM,2020,0.0,0.0
Greece,GRC,2020,16245.74,76.73
Zimbabwe,ZWE,2020,0.0,0.0
South Africa,ZAF,2021,2755.3,29524.62
Albania,ALB,2021,0.0,0.0
Algeria,DZA,2021,0.0,0.0
United States,USA,2021,1211509.9,24709455.73
Angola,AGO,2021,0.0,0.0
Argentina,ARG,2021,0.0,0.0
Aruba,ABW,2021,0.0,0.0
Australia,AUS,2021,20508.49,516951.11
Austria,AUT,2021,28.2,782.65
Bahamass,BHS,2021,0.0,0.0
Bahrain,BHR,2021,0.56,91.27
Bangladesh,BGD,2021,0.0,0.0
Barbados,BRB,2021,0.0,0.0
Netherlands,NLD,2021,13393.09,262647.78
Belgium,BEL,2021,7703.84,209858.91
Belize,BLZ,2021,0.0,0.0
Benin,BEN,2021,0.0,0.0
Bermuda,BMU,2021,0.0,0.0
Bolivia,BOL,2021,0.0,0.0
Brazil,BRA,2021,0.0,0.0
Brunei Darussalam,BRN,2021,1499.0,26676.8
Bulgaria,BGR,2021,0.0,0.0
Chile,CHL,2021,562.08,15280.34
China,CHN,2021,16415.3,197898.23
Colombia,COL,2021,189.29,4894.54
COOK ISLANDS,COK,2021,0.0,0.0
Costa Rica,CRI,2021,526.0,7353.16
Cyprus,CYP,2021,0.0,0.0
Denmark,DNK,2021,1525.29,36615.38
Djibouti,DJI,2021,0.0,0.0
Ecuador,ECU,2021,0.0,0.0
El Salvador,SLV,2021,1380.0,7715.0
Ethiopia,ETH,2021,0.0,0.0
Russia,RUS,2021,1954.39,54603.87
Fiji,FJI,2021,87773.39,967189.01
Finland,FIN,2021,0.0,0.0
French Polynesia,PYF,2021,5157.16,52666.84
Gambia,GMB,2021,0.0,0.0
Georgia,GEO,2021,0.0,0.0
Ghana,GHA,2021,0.0,0.0
Gibraltar,GIB,2021,0.0,0.0
Guadeloupe,GLP,2021,0.0,0.0
Guam,GUM,2021,0.0,0.0
Guinea,GIN,2021,365.0,75.0
Guyana,GUY,2021,0.0,0.0
Haiti,HTI,2021,0.0,0.0
Hong Kong,HKG,2021,5036.07,179203.25
Hungary,HUN,2021,0.0,0.0
Iceland,ISL,2021,0.0,0.0
India,IND,2021,731.79,19375.73
United Kingdom,GBR,2021,49086.4,1170125.71
Iraq,IRQ,2021,0.0,0.0
Iran,IRN,2021,0.0,0.0
Ireland,IRL,2021,0.5,106.66
Israel,ISR,2021,6.06,1575.62
Italy,ITA,2021,53436.29,327683.29
Jamaica,JAM,2021,0.0,0.0
Japan,JPN,2021,41986.27,491560.91
Germany,DEU,2021,23379.37,602227.65
JERSEY,JEY,2021,0.0,0.0
Jordan,JOR,2021,0.0,0.0
New Caledonia,NCL,2021,0.0,0.0
Cambodia,KHM,2021,40.0,483.0
Cameroon,CMR,2021,0.0,0.0
Canada,CAN,2021,45181.52,764355.18
Kazakhstan,KAZ,2021,0.0,0.0
Kenya,KEN,2021,0.0,0.0
Republic of the Congo,COG,2021,0.0,0.0
South Korea,KOR,2021,5619.91,47341.94
Croatia,HRV,2021,300.72,8135.22
Kuwait,KWT,2021,6079.81,69125.33
Latvia,LVA,2021,0.0,0.0
Lebanon,LBN,2021,0.0,0.0
Libya,LBY,2021,0.0,0.0
Lithuania,LTU,2021,0.0,0.0
Luxembourg,LUX,2021,0.0,0.0
Macau,MAC,2021,0.0,0.0
Madagascar,MDG,2021,18736.6,71938.2
Maldives,MDV,2021,1.0,18.62
Malaysia,MYS,2021,128428.22,1141893.53
Malta,MLT,2021,0.0,0.0
Morocco,MAR,2021,0.0,0.0
Martinique,MTQ,2021,0.0,0.0
Mauritania,MRT,2021,0.0,0.0
Mauritius,MUS,2021,0.0,0.0
Mexico,MEX,2021,1914.85,53036.18
Egypt,EGY,2021,0.0,0.0
Monaco,MCO,2021,0.0,0.0
Mongolia,MNG,2021,0.0,0.0
Myanmar,MMR,2021,15968.4,112531.6
Namibia,NAM,2021,0.0,0.0
Nepal,NPL,2021,0.0,0.0
Netherlands Antilles,ANT,2021,0.0,0.0
Niger,NER,2021,0.0,0.0
Nigeria,NGA,2021,1829.0,23335.19
Nicaragua,NIC,2021,0.0,0.0
Northern Mariana Islands,MNP,2021,0.0,0.0
Norway,NOR,2021,1713.28,74071.93
Oman,OMN,2021,649.37,6570.25
Pakistan,PAK,2021,0.0,0.0
Palau,PLW,2021,0.0,0.0
Panama,PAN,2021,73.65,2455.92
Cote d'Ivoire,CIV,2021,0.0,0.0
Papua New Guinea,PNG,2021,0.0,0.0
Paraguay,PRY,2021,0.0,0.0
France,FRA,2021,4712.75,64007.09
Peru,PER,2021,406.29,12180.44
Philippines,PHL,2021,47716.84,415475.65
Poland,POL,2021,4190.01,105963.38
Portugal,PRT,2021,0.0,0.0
Puerto Rico,PRI,2021,0.0,0.0
Qatar,QAT,2021,0.0,0.0
Czech Republic,CZE,2021,0.0,0.0
Dominican Republic,DOM,2021,4710.6,23540.4
Reunion,REU,2021,0.0,0.0
Romania,ROU,2021,0.0,0.0
Saint Kitts and Nevis,KNA,2021,0.0,0.0
Saint Lucia,LCA,2021,0.0,0.0
Sao Tome and Principe,STP,2021,0.0,0.0
Saudi Arabia,SAU,2021,372.86,12786.32
New Zealand,NZL,2021,1017.28,39994.24
Serbia,SRB,2021,49.43,1492.46
Seychelles,SYC,2021,493.3,4440.25
Singapore,SGP,2021,15178.16,155118.15
Slovakia,SVK,2021,0.0,0.0
Slovenia,SVN,2021,0.0,0.0
Somalia,SOM,2021,920.0,4605.0
Spain,ESP,2021,3011.41,108891.73
Sri Lanka,LKA,2021,33013.2,162392.81
Saint Vincent and the Grenadines,VCT,2021,0.0,0.0
Sudan,SDN,2021,2823.85,114862.0
Suriname,SUR,2021,0.0,0.0
Eswatini,SWZ,2021,0.0,0.0
Sweden,SWE,2021,4780.62,141891.78
Switzerland,CHE,2021,943.34,25557.86
Taiwan,TWN,2021,866.99,8869.95
Thailand,THA,2021,70092.39,873552.11
Timor-Leste,TLS,2021,136.0,326.0
Togo,TGO,2021,0.0,0.0
Tonga,TON,2021,0.0,0.0
Trinidad and Tobago,TTO,2021,0.0,0.0
Tunisia,TUN,2021,0.0,0.0
Turkey,TUR,2021,121406.72,504834.27
Turks and Caicos Islands,TCA,2021,0.0,0.0
United States Virgin Islands,VIR,2021,0.0,0.0
Uganda,UGA,2021,0.0,0.0
Ukraine,UKR,2021,0.0,0.0
United Arab Emirates,ARE,2021,11369.58,167966.67
Uruguay,URY,2021,87.79,3118.0
Uzbekistan,UZB,2021,0.0,0.0
Vanuatu,VUT,2021,0.0,0.0
Venezuela,VEN,2021,0.0,0.0
Vietnam,VNM,2021,15554.83,234549.11
British Virgin Islands,VGB,2021,0.0,0.0
Yemen,YEM,2021,0.0,0.0
Greece,GRC,2021,113.6,4214.85
Zimbabwe,ZWE,2021,0.0,0.0
